driver,DateTime,id,status
b10B,2024-05-22 04:38:18 PM,aKwrqBlAodk-P2bmweUVEyA,OFF
b11E,2024-05-22 12:58:40 PM,aXrjADAEKuUuBVEhjrGshOQ,OFF
b11F,2024-05-23 12:53:50 AM,aD021Jqejw0SwQcrVxhMkxw,OFF
b120,2024-05-22 04:38:08 PM,a9V__tGe6QkSAz8jbpFGrOQ,OFF
b12D,2024-05-23 08:16:42 AM,aggE4I9WjRka7_mH-nCdwMQ,OFF
b136,2024-05-22 07:52:27 PM,a3CSUcrc2gEy96YRKTkoi7g,OFF
b13C,2024-05-23 01:47:41 AM,aAsIflubpsUWB-Zn8Ll-nrg,OFF
b141,2024-05-23 03:43:19 AM,aC6j4K6azfkelm_uRDTw78Q,OFF
b148,2024-05-22 04:06:08 PM,aBlfHX8Vva0-4_lBDn0WCxw,OFF
b14C,2024-05-22 09:39:10 AM,aslm-5g8db0OFkZWBgBu9rA,OFF
b14F,2024-05-23 10:44:13 AM,aknK7Ku0EU0KxYz57keWIpg,OFF
b159,2024-05-23 10:03:48 AM,arHP6wTrG3ECq_nXATqMY0Q,OFF
b163,2024-05-22 01:13:31 PM,a-oMNqkSPo0eEmPUUeZ1vfQ,OFF
b17A,2024-05-22 01:02:23 PM,aD2bLbNQ2Lk2L_brueNc2rA,OFF
b180,2024-05-22 09:23:06 AM,aTE81IQFK2UyPrjWrcv67fA,OFF
b18C,2024-05-22 06:18:15 PM,aWv9NzrerFEuGXWzFonczeg,OFF
b18F,2024-05-22 05:31:52 AM,a_74SL1mdvUWiWx17p6uDug,OFF
b191,2024-05-22 03:02:11 PM,a40xz-2-x5kaRZkMYMTsZhA,OFF
b194,2024-05-23 06:20:28 AM,aNNj8e5L9SUupH3poNfHmWA,OFF
b195,2024-05-23 06:28:46 AM,adNSnSGVvu0e_lRQgUh6kaQ,OFF
b196,2024-05-23 05:09:17 AM,agkXclHo5C0id_lO2FuZ0ew,OFF
b198,2024-05-23 07:25:02 AM,aNGWDROo44EWI7lQrvPuZwQ,OFF
b19F,2024-05-22 04:37:06 PM,aDyTtL4GHoEqD4Jx1DqhPuA,OFF
b1A,2024-05-21 09:47:49 PM,aHrdqgfe39EqjwFjsksHJ8w,OFF
b1A4,2024-05-23 05:03:11 AM,aYytH-Pnid0WUZJy1t1fDPA,OFF
b1A5,2024-05-23 12:54:01 AM,aGYyHfnHflESCQGleBXAPCg,OFF
b1A6,2024-05-23 09:54:01 AM,aucqtHkqmwEa9HX6yAW-F0w,OFF
b1AA,2024-05-23 02:52:02 AM,a0rfaYYPVtEOdO88nhmTGmQ,OFF
b1AC,2024-05-22 07:32:35 PM,ajwIS14yjokSWJ6ng67QcLw,OFF
b1AD,2024-05-23 11:01:03 AM,aXWhuQYJu-UOYFUpQ6oWa5g,OFF
b1AE,2024-05-22 08:25:10 PM,a03zrqI3mvU2fZXHzgdJHmQ,OFF
b1B,2024-05-23 06:04:56 AM,azlxmnGFB4EmT5vckCIpmiA,OFF
b1B2,2024-05-23 07:48:09 AM,aB9yDQwS2cU-g2KnhpwyktA,OFF
b1B8,2024-05-22 08:00:48 AM,aljetlgm0o0mJY7kfzxK-cw,OFF
b1BC,2024-05-23 12:06:47 PM,a-juvduCsY0udBmxj6KxACw,OFF
b1C,2024-05-22 11:44:57 PM,a7rk6BIckLU2ApiCx6QLGTA,OFF
b1C2,2024-05-22 03:03:02 PM,aVaATr42LDEmDAw8dD9kQBg,OFF
b1C3,2024-05-23 05:46:07 AM,a5mA_DSGcx0y8tAU5HNS9wQ,OFF
b1CC,2024-05-22 03:55:49 PM,aw0uCKpqMfEaikTC2I0zlbw,OFF
b1CE,2024-05-23 02:52:40 AM,alNbq0SoRjkmqP36ENZs5lQ,OFF
b1D5,2024-05-22 02:33:01 PM,amPOWYeNfrEKILIEHj8S59g,OFF
b1D7,2024-05-22 02:33:12 PM,aCt80pARYOE--kFMcWYoSbg,OFF
b1D9,2024-05-23 05:57:45 AM,ayBBoGDNmpEiWeoB9lbHAJQ,OFF
b1DA,2024-05-22 07:03:45 PM,aYLO5sMW450myFxhrPU1IOw,OFF
b1DD,2024-05-22 02:57:00 PM,a_oLPU7sN40-6HdKwcHOhwA,OFF
b1DE,2024-05-22 08:34:12 PM,a6ZrcLgtNF0KIKjrL0EsLCA,OFF
b1DF,2024-05-23 11:57:06 AM,a94LI1wcNbkCaUpt8GZI22Q,OFF
b1E0,2024-05-23 11:25:31 AM,akj6TrkiexkSRNcvLVWPb0g,OFF
b1E2,2024-05-22 11:53:45 AM,aba2snxogPkKXB7pD40-t5Q,OFF
b1E3,2024-05-22 06:59:17 PM,a7HVK-gp1_0SxOGqCiEV0GA,OFF
b1E6,2024-05-22 10:52:37 AM,ac2x9GRsHS0CdHlvQOdDSZg,OFF
b1E8,2024-05-23 08:50:31 AM,aDyFlYT4YlEO7zUP1fBffRw,OFF
b1ED,2024-05-22 04:21:08 PM,a69UoH1WAb02BLTFn5mAaHg,OFF
b1F,2024-05-23 08:43:57 AM,aBKqPMzEYaUmlayIrvAwXBg,OFF
b1F0,2024-05-22 11:29:26 PM,aOi2b3RxCykuZ9OlbQy8XcA,OFF
b1F3,2024-05-22 02:17:50 PM,aRfAErR11k06N-6uVGlYMww,OFF
b1FD,2024-05-23 03:57:40 AM,a9Xl5q4C0h0WtwdCtQludgQ,OFF
b21,2024-05-22 07:54:49 AM,a7n-TFg6yuECozMbRqWKahA,OFF
b2D,2024-05-23 02:36:14 AM,aZWZMzgJw50CytZrODddVVw,OFF
b2E,2024-05-22 06:21:48 AM,aVyNHIhXc7EKBDGuz5y6lBA,OFF
b33,2024-05-23 04:03:21 AM,aCYh3Y629F0KFutCppzMKmw,OFF
b4A,2024-05-21 03:13:04 PM,aTfjPrcJcCEWF7OzavJbvtg,OFF
b52,2024-05-23 08:17:34 AM,aLzVfkGDW302YEULLjFNnTQ,OFF
b7B,2024-05-22 06:49:42 PM,a90iABXxrwkGSHIxa8IlLeA,OFF
bA2,2024-05-22 09:11:37 AM,aBvSyG1AciE2EJ5N8X4kYhQ,OFF
bA5,2024-05-23 05:21:00 AM,ampFtlLFXkk2TaqXFq0aZ0g,OFF
bA6,2024-05-22 05:34:10 PM,aS8394zbZuEmylte4Du7KYw,OFF
bAC,2024-05-23 04:32:24 AM,akOAlIRgAyUSb8ntjLyW1ZQ,OFF
bAD,2024-05-23 02:30:03 AM,a7kMF7xnIp0mojxYVHZSYVQ,OFF
bAE,2024-05-23 05:17:16 AM,a54ZfIS3OgEG_21NF9NGOSg,OFF
bB1,2024-05-23 10:46:32 AM,asdIqLQZ4kk6QyvMafsNywQ,OFF
bB2,2024-05-22 06:39:13 PM,auUY-Ieb4WUiXkRDqKsy9Bw,OFF
bB5,2024-05-22 07:48:50 PM,aGWe2ci-OaUWXOi0gGh85Ig,OFF
bB7,2024-05-22 08:24:40 PM,aBqyQyMFWPkKWu2GEbnSyVQ,OFF
bC0,2024-05-23 07:05:43 AM,awVR017pmXEi7zb4icd4nUQ,OFF
bC1,2024-05-23 01:27:20 AM,aQ7QGreXqf02HMm9LdTIcpQ,OFF
bC3,2024-05-23 03:08:49 AM,a7fZ-kMPknE6Ms96aKhnLkA,OFF
bCD,2024-05-23 09:17:41 AM,aSxkfOHGNyECjcOZOWzR1OA,OFF
bCF,2024-05-22 06:16:39 PM,aNXENzwN2x0qJFG0ng-H6og,OFF
bD2,2024-05-23 10:04:17 AM,a9QjF2VtpiEOIwK82S0Ck3g,OFF
bD6,2024-05-22 04:38:35 AM,aDnpLKOz_t0-MulNU-4xauA,OFF
bDA,2024-05-23 09:01:26 AM,aEGn0Gc68a0edKjbkbgX5FA,OFF
bDB,2024-05-23 05:08:56 AM,ah4rxjQ8e0Uyw5H9TaLJamw,OFF
bDD,2024-05-23 08:29:48 AM,aMeootgHgzEiVs4lLLnyW0w,OFF
bDE,2024-05-23 05:23:58 AM,a9bSqBBJ1MkK7vLzk232SOg,OFF
bE1,2024-05-23 08:49:41 AM,aUEE9uERY10qagDbwfwIWXQ,OFF
bE2,2024-05-22 05:38:34 PM,at4SqL4-jqUC8wvyXI5EexA,OFF
bE4,2024-05-23 01:01:36 AM,a3BpOoKouJ0-4R8eV7Ngipg,OFF
bE6,2024-05-23 05:48:01 AM,aFkGC4vka8UuR78yI4a8Zcw,OFF
bE7,2024-05-23 05:14:23 AM,aSi1wQAlegUqs04rflilM3w,OFF
bE8,2024-05-22 09:54:05 PM,aWSy3jP3-4EC5n3YGmcsi1g,OFF
bEB,2024-05-22 02:26:44 PM,azg6qBKHHD0aFk-PPwfLtZw,OFF
bEE,2024-05-22 06:01:34 PM,aFFKs4xwQ4kKl8DXaPxnIJQ,OFF
bF4,2024-05-23 06:21:33 AM,axCq8I-nnOEqLlqSVW59StA,OFF
bF9,2024-05-22 05:55:37 PM,aWj4Ncg8b70O9LR6PkfsrDA,OFF
